study,source,policy,rows,native_nonzero_residual_rate,mean_native_residual_weight,closure_invocation_rate,mean_closure_weight_all_rows,mean_closure_weight_when_invoked,post_closure_nonzero_residual_rate
repetition,IBM,exact_binary_minimum_weight,24576,0.0,0.0,0.0,0.0,0.0,0.0
repetition,IBM,union_find_heuristic,24576,0.0579833984375,0.0579833984375,0.0579833984375,0.115966796875,2.0,0.0
repetition,IBM,hard_decision_bit_flip,24576,0.0579833984375,0.0579833984375,0.0579833984375,0.115966796875,2.0,0.0
repetition,noisy_local,exact_binary_minimum_weight,24576,0.0,0.0,0.0,0.0,0.0,0.0
repetition,noisy_local,union_find_heuristic,24576,0.034138997395833336,0.034138997395833336,0.034138997395833336,0.06827799479166667,2.0,0.0
repetition,noisy_local,hard_decision_bit_flip,24576,0.034138997395833336,0.034138997395833336,0.034138997395833336,0.06827799479166667,2.0,0.0
compact_css_steane,IBM,exact_binary_minimum_weight,32768,0.0,0.0,0.0,0.0,0.0,0.0
compact_css_steane,IBM,union_find_heuristic,32768,0.0,0.0,0.0,0.0,0.0,0.0
compact_css_steane,IBM,hard_decision_bit_flip,32768,0.0,0.0,0.0,0.0,0.0,0.0
compact_css_steane,noisy_local,exact_binary_minimum_weight,32768,0.0,0.0,0.0,0.0,0.0,0.0
compact_css_steane,noisy_local,union_find_heuristic,32768,0.0,0.0,0.0,0.0,0.0,0.0
compact_css_steane,noisy_local,hard_decision_bit_flip,32768,0.0,0.0,0.0,0.0,0.0,0.0
surface_d5,IBM,exact_binary_minimum_weight,36864,0.0,0.0,0.0,0.0,0.0,0.0
surface_d5,IBM,union_find_heuristic,36864,0.4156358506944444,0.4451768663194444,0.4156358506944444,0.8312717013888888,2.0,0.0
surface_d5,IBM,hard_decision_bit_flip,36864,0.4156358506944444,0.4451768663194444,0.4156358506944444,0.8312717013888888,2.0,0.0
surface_d5,noisy_local,exact_binary_minimum_weight,36864,0.0,0.0,0.0,0.0,0.0,0.0
surface_d5,noisy_local,union_find_heuristic,36864,0.0683865017361111,0.06884765625,0.0683865017361111,0.1367730034722222,2.0,0.0
surface_d5,noisy_local,hard_decision_bit_flip,36864,0.0683865017361111,0.06884765625,0.0683865017361111,0.1367730034722222,2.0,0.0
digitized_gkp_proxy,PennyLane_proxy,exact_binary_minimum_weight,36864,0.0,0.0,0.0,0.0,0.0,0.0
digitized_gkp_proxy,PennyLane_proxy,union_find_heuristic,36864,0.1623263888888889,0.16422526041666666,0.1623263888888889,0.3246527777777778,2.0,0.0
digitized_gkp_proxy,PennyLane_proxy,hard_decision_bit_flip,36864,0.1623263888888889,0.16422526041666666,0.1623263888888889,0.3246527777777778,2.0,0.0
