scenario,varied_parameter,varied_value,sigma_shift_scale,measurement_error_rate,jump_prob,decision_width_scale,squeeze_r,injected_shift_scale,shots_per_stream,clean_zero_correction_rate,exact_rate_min,exact_rate_max,contains_rate_min,contains_rate_max,mean_correction_weight
baseline,baseline,,0.015,0.01,0.001,0.25,2.0,0.56,4096,0.769775390625,0.34521484375,0.498046875,0.417724609375,0.610107421875,1.0570475260416667
$\sigma_s/\sqrt{\pi}$=0.01,sigma_shift_scale,0.01,0.01,0.01,0.001,0.25,2.0,0.56,4096,0.7783203125,0.35400390625,0.50244140625,0.4169921875,0.6171875,1.0509982638888888
$\sigma_s/\sqrt{\pi}$=0.025,sigma_shift_scale,0.025,0.025,0.01,0.001,0.25,2.0,0.56,4096,0.7431640625,0.32958984375,0.470458984375,0.400146484375,0.599853515625,1.0806477864583333
$p_m$=0,measurement_error_rate,0.0,0.015,0.0,0.001,0.25,2.0,0.56,4096,0.8984375,0.40625,0.583251953125,0.437744140625,0.633056640625,0.9198404947916666
$p_m$=0.03,measurement_error_rate,0.03,0.015,0.03,0.001,0.25,2.0,0.56,4096,0.55908203125,0.256103515625,0.370361328125,0.369140625,0.5625,1.3114963107638888
$p_j$=0,jump_prob,0.0,0.015,0.01,0.0,0.25,2.0,0.56,4096,0.83447265625,0.373779296875,0.53759765625,0.42333984375,0.62744140625,0.9974772135416666
$p_j$=0.005,jump_prob,0.005,0.015,0.01,0.005,0.25,2.0,0.56,4096,0.5732421875,0.253173828125,0.380859375,0.3955078125,0.573974609375,1.2869737413194444
$w/\sqrt{\pi}$=0.2,decision_width_scale,0.2,0.015,0.01,0.001,0.2,2.0,0.56,4096,0.629150390625,0.45849609375,0.52587890625,0.632568359375,0.7646484375,1.2984212239583333
$w/\sqrt{\pi}$=0.3,decision_width_scale,0.3,0.015,0.01,0.001,0.3,2.0,0.56,4096,0.81494140625,0.15966796875,0.32861328125,0.192626953125,0.38623046875,0.8158094618055556
$r$=1.5,squeeze_r,1.5,0.015,0.01,0.001,0.25,1.5,0.56,4096,0.35400390625,0.14990234375,0.221435546875,0.3095703125,0.479248046875,1.5906032986111112
$r$=2.5,squeeze_r,2.5,0.015,0.01,0.001,0.25,2.5,0.56,4096,0.790771484375,0.422607421875,0.564453125,0.498046875,0.67919921875,1.0693901909722223
$\delta/\sqrt{\pi}$=0.5,injected_shift_scale,0.5,0.015,0.01,0.001,0.25,2.0,0.5,4096,0.769775390625,0.2236328125,0.38037109375,0.2734375,0.48046875,0.952880859375
$\delta/\sqrt{\pi}$=0.62,injected_shift_scale,0.62,0.015,0.01,0.001,0.25,2.0,0.62,4096,0.769775390625,0.47509765625,0.587890625,0.57470703125,0.727783203125,1.1149359809027777
