study,source,target,shots,exact_localization_rate,target_recall_rate,mean_false_positive_support,mean_support_precision,mean_jaccard_singleton_truth,mean_correction_weight
compact_css_steane,ibm_ibm_fez,0,4096,0.843017578125,0.843017578125,0.151611328125,0.843017578125,0.843017578125,0.99462890625
compact_css_steane,ibm_ibm_fez,1,4096,0.848388671875,0.848388671875,0.13916015625,0.848388671875,0.848388671875,0.987548828125
compact_css_steane,ibm_ibm_fez,2,4096,0.854248046875,0.854248046875,0.133544921875,0.854248046875,0.854248046875,0.98779296875
compact_css_steane,ibm_ibm_fez,3,4096,0.857666015625,0.857666015625,0.12841796875,0.857666015625,0.857666015625,0.986083984375
compact_css_steane,ibm_ibm_fez,4,4096,0.852783203125,0.852783203125,0.10009765625,0.852783203125,0.852783203125,0.952880859375
compact_css_steane,ibm_ibm_fez,5,4096,0.85546875,0.85546875,0.095458984375,0.85546875,0.85546875,0.950927734375
compact_css_steane,ibm_ibm_fez,6,4096,0.8447265625,0.8447265625,0.06689453125,0.8447265625,0.8447265625,0.91162109375
compact_css_steane,local_simulator,0,4096,0.93798828125,0.93798828125,0.06201171875,0.93798828125,0.93798828125,1.0
compact_css_steane,local_simulator,1,4096,0.943603515625,0.943603515625,0.055908203125,0.943603515625,0.943603515625,0.99951171875
compact_css_steane,local_simulator,2,4096,0.94287109375,0.94287109375,0.05712890625,0.94287109375,0.94287109375,1.0
compact_css_steane,local_simulator,3,4096,0.93896484375,0.93896484375,0.06103515625,0.93896484375,0.93896484375,1.0
compact_css_steane,local_simulator,4,4096,0.94384765625,0.94384765625,0.035888671875,0.94384765625,0.94384765625,0.979736328125
compact_css_steane,local_simulator,5,4096,0.941650390625,0.941650390625,0.038330078125,0.941650390625,0.941650390625,0.97998046875
compact_css_steane,local_simulator,6,4096,0.94189453125,0.94189453125,0.040283203125,0.94189453125,0.94189453125,0.982177734375
digitized_gkp_proxy,digitized_gkp_pennylane,1,4096,0.49462890625,0.599365234375,0.291015625,0.5445760091145833,0.5445760091145833,0.890380859375
digitized_gkp_proxy,digitized_gkp_pennylane,5,4096,0.353515625,0.601318359375,0.645751953125,0.4742024739583333,0.4742024739583333,1.2470703125
digitized_gkp_proxy,digitized_gkp_pennylane,10,4096,0.350341796875,0.450927734375,0.943359375,0.39837646484375,0.39837646484375,1.394287109375
digitized_gkp_proxy,digitized_gkp_pennylane,14,4096,0.353515625,0.60791015625,0.632568359375,0.47721354166666663,0.47721354166666663,1.240478515625
digitized_gkp_proxy,digitized_gkp_pennylane,17,4096,0.486572265625,0.5751953125,0.28857421875,0.5295003255208333,0.5295003255208333,0.86376953125
digitized_gkp_proxy,digitized_gkp_pennylane,22,4096,0.35400390625,0.4169921875,0.651123046875,0.3848063151041667,0.3848063151041667,1.068115234375
digitized_gkp_proxy,digitized_gkp_pennylane,32,4096,0.363037109375,0.463134765625,0.930908203125,0.409423828125,0.409423828125,1.39404296875
digitized_gkp_proxy,digitized_gkp_pennylane,37,4096,0.350341796875,0.428955078125,0.65478515625,0.3871256510416667,0.3871256510416667,1.083740234375
repetition,ibm_ibm_fez,0,4096,0.868408203125,0.9033203125,0.114990234375,0.8858642578125,0.8858642578125,1.018310546875
repetition,ibm_ibm_fez,1,4096,0.8427734375,0.919921875,0.1787109375,0.88134765625,0.88134765625,1.0986328125
repetition,ibm_ibm_fez,2,4096,0.861083984375,0.92333984375,0.1943359375,0.8922119140625,0.8922119140625,1.11767578125
repetition,ibm_ibm_fez,3,4096,0.820556640625,0.895263671875,0.21044921875,0.85791015625,0.85791015625,1.105712890625
repetition,ibm_ibm_fez,4,4096,0.8291015625,0.876220703125,0.180908203125,0.8526611328125,0.8526611328125,1.05712890625
repetition,local_simulator,0,4096,0.91015625,0.93310546875,0.08935546875,0.921630859375,0.921630859375,1.0224609375
repetition,local_simulator,1,4096,0.921630859375,0.958251953125,0.098876953125,0.93994140625,0.93994140625,1.05712890625
repetition,local_simulator,2,4096,0.926513671875,0.961181640625,0.110107421875,0.94384765625,0.94384765625,1.0712890625
repetition,local_simulator,3,4096,0.916259765625,0.958251953125,0.10498046875,0.937255859375,0.937255859375,1.063232421875
repetition,local_simulator,4,4096,0.917236328125,0.940185546875,0.084228515625,0.9287109375,0.9287109375,1.0244140625
surface_d5,ibm_ibm_fez,1,4096,0.053466796875,0.516845703125,2.117431640625,0.22024332682291664,0.22024332682291664,2.63427734375
surface_d5,ibm_ibm_fez,5,4096,0.00341796875,0.4228515625,3.133544921875,0.1316493443080357,0.1316493443080357,3.556396484375
surface_d5,ibm_ibm_fez,10,4096,0.014892578125,0.6416015625,2.702392578125,0.21555640811011903,0.21555640811011903,3.343994140625
surface_d5,ibm_ibm_fez,14,4096,0.10791015625,0.61669921875,1.983642578125,0.2968343098958333,0.2968343098958333,2.600341796875
surface_d5,ibm_ibm_fez,17,4096,0.024658203125,0.4228515625,2.583251953125,0.16030680338541664,0.16030680338541664,3.006103515625
surface_d5,ibm_ibm_fez,22,4096,0.1064453125,0.397705078125,2.07421875,0.22559407552083333,0.22559407552083333,2.471923828125
surface_d5,ibm_ibm_fez,32,4096,0.016357421875,0.279052734375,2.47021484375,0.11234363374255951,0.11234363374255951,2.749267578125
surface_d5,ibm_ibm_fez,37,4096,0.022216796875,0.293701171875,2.569091796875,0.11807861328125,0.11807861328125,2.86279296875
surface_d5,local_simulator,1,4096,0.714599609375,0.891357421875,0.35498046875,0.7978922526041667,0.7978922526041667,1.246337890625
surface_d5,local_simulator,5,4096,0.72412109375,0.908203125,0.388671875,0.8139241536458334,0.8139241536458334,1.296875
surface_d5,local_simulator,10,4096,0.7197265625,0.944091796875,0.391845703125,0.8259684244791667,0.8259684244791667,1.3359375
surface_d5,local_simulator,14,4096,0.718505859375,0.938232421875,0.366943359375,0.822265625,0.822265625,1.30517578125
surface_d5,local_simulator,17,4096,0.71826171875,0.865234375,0.366943359375,0.7875162760416666,0.7875162760416666,1.232177734375
surface_d5,local_simulator,22,4096,0.7275390625,0.8876953125,0.4052734375,0.8057047526041667,0.8057047526041667,1.29296875
surface_d5,local_simulator,32,4096,0.724609375,0.953125,0.376708984375,0.8310750325520834,0.8310750325520834,1.329833984375
surface_d5,local_simulator,37,4096,0.720703125,0.911376953125,0.406494140625,0.8074137369791667,0.8074137369791667,1.31787109375
